population,n_responder,n_non_responder,median_responder_percentage,median_non_responder_percentage,mann_whitney_u,p_value,q_value_fdr,significant_fdr_0_05
b_cell,993,975,9.432278,9.788395,459971.0,0.055702309738,0.139255774346,False
cd8_t_cell,993,975,24.728022,24.603067,478176.0,0.639085884735,0.639085884735,False
cd4_t_cell,993,975,30.220564,29.657607,452899.0,0.013344218814,0.06672109407,False
nk_cell,993,975,14.509282,14.799143,464546.0,0.121050798204,0.20175133034,False
monocyte,993,975,19.609698,19.942333,466510.0,0.163150132688,0.203937665859,False
